round,model_name,training_time,refinement_time,total_time,mmd_amortized,mmd_refined
1,bayesflow,144.71838307380676,71.12952589988708,215.84790897369385,0.317216810432376,0.32465888476763105
