round,model_name,training_time,refinement_time,total_time,mmd_amortized,mmd_refined
1,bayesflow,144.79957628250122,70.30845093727112,215.10802721977234,0.2810438263318067,0.32729025420894725
