round,status,stage,bias_l2,hdi_length,coverage,time_initial,time_refined_plus,time_mcmc,bias_vec,hdi_lower,hdi_upper,training_time,sampling_time
1,1,initial,0.9855228279547364,[5.827142  2.5247645 6.7408667 4.8164077],[1. 1. 1. 1.],0:00:24,0:00:00,0:00:00,[-0.4206701   0.17450028 -0.83214229  0.2671718 ],[-7.697248  -1.7610251 -4.2457914 -6.7592196],[-1.870106    0.76373947  2.495075   -1.9428118 ],24.191529035568237,0.10255908966064453
