round,status,stage,bias_l2,hdi_length,coverage,time_initial,time_refined_plus,time_mcmc,bias_vec,hdi_lower,hdi_upper,training_time
1,1,refined_mcmc,8.239967374341774,[9.73419963e-06 9.98777039e-06 6.30341308e-06 9.90039398e-06],[0. 0. 0. 0.],0:02:27,0:04:50,0:00:05,[ 4.60532312  0.6931644  -4.99999778  4.60517173],[ 1.48216304e-04  1.23214299e-05 -4.99999993e+00 -3.16672149e-06],[ 1.57950503e-04  2.23092003e-05 -4.99999362e+00  6.73367249e-06],153.09027814865112
