round,status,stage,bias_l2,hdi_length,coverage,time_initial,time_refined_plus,time_mcmc,bias_vec,hdi_lower,hdi_upper,training_time,sampling_time
1,1,initial,0.47211965344499945,[1.3851011  1.2877593  3.3975246  0.68249893],[1. 1. 1. 1.],0:00:00,0:00:00,0:00:00,[ 0.18840164  0.07272446 -0.42670369  0.00607484],[-4.9398227 -1.3016589 -2.985865  -4.9626513],[-3.5547216  -0.01389953  0.41165954 -4.2801523 ],0.0,428.81120204925537
