round,status,stage,bias_l2,hdi_length,coverage,time_initial,time_refined_plus,time_mcmc,bias_vec,hdi_lower,hdi_upper,training_time,bias_l2_initial,hdi_length_initial,coverage_initial,bias_l2_refineplus,hdi_length_refineplus,coverage_refineplus
1,1,refined_mcmc,0.09918037200458199,[0.22528899 0.22416006 0.24878179 0.28193995],[1. 1. 1. 1.],0:02:55,0:08:16,0:02:35,[-0.00897037 -0.00856957  0.02344223 -0.09556832],[-4.72371634 -0.81367651 -0.10362001 -4.8468461 ],[-4.49842735 -0.58951645  0.14516178 -4.56490614],331.0879383087158,0.16036352405954865,[0.65555    0.56929904 0.24756342 0.42393923],[1. 1. 1. 1.],0.09918037200458199,[0.22528899 0.22416006 0.24878179 0.28193995],[1. 1. 1. 1.]
