round,status,stage,bias_l2,hdi_length,coverage,time_initial,time_refined_plus,time_mcmc,bias_vec,hdi_lower,hdi_upper,training_time
1,1,refined_mcmc,0.7396417376002814,[0.38787803 0.39773623 0.51954493 0.42394624],[1. 1. 0. 0.],0:04:03,0:45:51,0:01:21,[-0.0798024  -0.09428365  0.54154365  0.48840818],[-4.90538913 -0.99365543  0.24881547 -4.32459902],[-4.5175111  -0.5959192   0.7683604  -3.90065278],325.52678418159485
